"","dept","coursenum","title","room","last","first","enrolled","capacity"
"1","ACC","105","TAXATION FOR INDIVIDUALS","1001","Jefferson","Ryan",3,30
"2","ACC","201","FINANCIAL ACCOUNTING","1001","Nielsen","Scott",3,20
"3","ACC","201","FINANCIAL ACCOUNTING","1002","Tenney","Glen",32,90
"4","ACC","202","MANAGERIAL ACCOUNTING","1001","Tenney","Glen",7,60
"5","ACC","203","INTERMEDIATE ACCOUNTING I","1001","Tenney","Glen",4,30
"6","ACC","220","MICROCOMPUTER ACCT SYSTEM","1001","Mills","Annette",4,30
"7","ANTH","101","INTRO CULTURAL ANTHROPOLOGY","1001","Walsh","Laurie",30,30
"8","ANTH","102","PHYSICAL ANTHROPOLOGY","1001","Walsh","Laurie",22,30
"9","ART","100","VISUAL FOUNDATIONS","1001","Swimley","Nicole",24,30
"10","ART","100","VISUAL FOUNDATIONS","1002","MacRae","Marie",7,30
"11","ART","101","DRAWING I","1001","Nichols","Matthew",16,16
"12","ART","101","DRAWING I","1002","Nichols","Matthew",9,16
"13","ART","101","DRAWING I","1003","Messina","Jennifer",2,15
"14","ART","101","DRAWING I","1004","Yarrell","Donna",2,25
"15","ART","101","DRAWING I","1005",NA,NA,30,30
"16","ART","102","DRAWING II","1001","Yarrell","Donna",0,12
"17","ART","106","JEWELRY I","1001","Rappa","Gail",2,11
"18","ART","107","DESIGN FUNDMNTLS I (2-D)","1001","Swimley","Nicole",11,30
"19","ART","141","INTRO TO DIGITAL PHOTOGRAPHY","1001","Scofield","James",13,30
"20","ART","160","ART APPRECIATION","1001","Yarrell","Donna",23,30
"21","ART","206","JEWELRY II","1001","Rappa","Gail",2,11
"22","AST","101","GENERAL ASTRONOMY","1001","Wasala","Milinda",2,15
"23","AST","101","GENERAL ASTRONOMY","1002","Wasala","Milinda",2,5
"24","AST","101","GENERAL ASTRONOMY","1003","Wasala","Milinda",0,5
"25","AST","101","GENERAL ASTRONOMY","1004","Wasala","Milinda",0,5
"26","AST","101","GENERAL ASTRONOMY","1005","Wasala","Milinda",1,5
"27","BIOL","100","GENERAL BIOLOGY/NON MAJOR","1001","Bergey","Daniel",26,30
"28","BIOL","100","GENERAL BIOLOGY/NON MAJOR","TP01","Creamer","Sidnie",0,30
"29","BIOL","190","INTRO CELL/MOLECULAR BIOLOGY","1001","Jackson","Denise",44,51
"30","BIOL","190","INTRO CELL/MOLECULAR BIOLOGY","1002",NA,NA,17,17
"31","BIOL","190","INTRO CELL/MOLECULAR BIOLOGY","1003",NA,NA,12,17
"32","BIOL","190","INTRO CELL/MOLECULAR BIOLOGY","1004",NA,NA,17,17
"33","BIOL","190","INTRO CELL/MOLECULAR BIOLOGY","1005","Jackson","Denise",5,5
"34","BIOL","190","INTRO CELL/MOLECULAR BIOLOGY","1006","Pujari","Rita",14,20
"35","BIOL","190","INTRO CELL/MOLECULAR BIOLOGY","1007","Pujari","Rita",14,20
"36","BIOL","190","INTRO CELL/MOLECULAR BIOLOGY","1008","Bergey","Daniel",11,20
"37","BIOL","190","INTRO CELL/MOLECULAR BIOLOGY","1009","Bergey","Daniel",11,20
"38","BIOL","190","INTRO CELL/MOLECULAR BIOLOGY","1010","Redwine-Hawkins","Faith",5,5
"39","BIOL","190","INTRO CELL/MOLECULAR BIOLOGY","1011","Jackson","Denise",2,5
"40","BIOL","223","HUMAN ANATOMY & PHYSIOLOGY I","1001","Jackson","Denise",34,48
"41","BIOL","223","HUMAN ANATOMY & PHYSIOLOGY I","1002","Jackson","Denise",17,12
"42","BIOL","223","HUMAN ANATOMY & PHYSIOLOGY I","1003","Jackson","Denise",13,12
"43","BIOL","223","HUMAN ANATOMY & PHYSIOLOGY I","1004","Jackson","Denise",1,5
"44","BIOL","223","HUMAN ANATOMY & PHYSIOLOGY I","1005","Pujari","Rita",24,26
"45","BIOL","223","HUMAN ANATOMY & PHYSIOLOGY I","1006","Pujari","Rita",21,21
"46","BIOL","223","HUMAN ANATOMY & PHYSIOLOGY I","1007","Jackson","Denise",4,5
"47","BIOL","223","HUMAN ANATOMY & PHYSIOLOGY I","1008","Bergey","Daniel",9,20
"48","BIOL","223","HUMAN ANATOMY & PHYSIOLOGY I","1009","Bergey","Daniel",9,17
"49","BIOL","223","HUMAN ANATOMY & PHYSIOLOGY I","1010","Kunz","Daren",1,5
"50","BIOL","223","HUMAN ANATOMY & PHYSIOLOGY I","1011","Pujari","Rita",3,14
"51","BIOL","223","HUMAN ANATOMY & PHYSIOLOGY I","1012","Jackson","Denise",8,12
"52","BIOL","224","ANATOMY & PHYSIOLOGY II","1001","Bagley","Peter",9,15
"53","BIOL","224","ANATOMY & PHYSIOLOGY II","1002","Bagley","Peter",10,12
"54","BIOL","224","ANATOMY & PHYSIOLOGY II","1003","Bagley","Peter",2,5
"55","BIOL","224","ANATOMY & PHYSIOLOGY II","1004","Bagley","Peter",1,5
"56","BIOL","224","ANATOMY & PHYSIOLOGY II","1005","Kunz","Daren",1,5
"57","BIOL","224","ANATOMY & PHYSIOLOGY II","1006","Bagley","Peter",1,12
"58","BIOL","251","GENERAL MICROBIOLOGY","1001","Bagley","Peter",15,19
"59","BIOL","251","GENERAL MICROBIOLOGY","1002","Bagley","Peter",16,12
"60","BIOL","251","GENERAL MICROBIOLOGY","1003","Bagley","Peter",5,5
"61","BIOL","251","GENERAL MICROBIOLOGY","1004","Bagley","Peter",4,12
"62","BIOL","305","INTRO CONSRVATION BIOLOGY","1001","Bagley","Peter",8,15
"63","BIOL","305","INTRO CONSRVATION BIOLOGY","1002","Bagley","Peter",2,7
"64","BIOL","305","INTRO CONSRVATION BIOLOGY","1003","Bagley","Peter",0,5
"65","BIOL","305","INTRO CONSRVATION BIOLOGY","1004","Bagley","Peter",0,5
"66","BIOL","305","INTRO CONSRVATION BIOLOGY","1005","Bagley","Peter",0,5
"67","BIOL","341","PRINCIPLES OF ECOLOGY","1001","Jackson","Denise",5,15
"68","BIOL","341","PRINCIPLES OF ECOLOGY","1002","Jackson","Denise",1,7
"69","BIOL","341","PRINCIPLES OF ECOLOGY","1003","Jackson","Denise",0,5
"70","BIOL","341","PRINCIPLES OF ECOLOGY","1004","Jackson","Denise",0,5
"71","BIOL","394","LAB ECOLOGY/POPULATION BIOLOGY","1001","Jackson","Denise",6,17
"72","BIOL","394","LAB ECOLOGY/POPULATION BIOLOGY","1002","Jackson","Denise",3,15
"73","BIOL","447","ADV COMPARE ANIMAL PHYSIOLOGY","1001","Pujari","Rita",1,10
"74","BIOL","447","ADV COMPARE ANIMAL PHYSIOLOGY","1002","Pujari","Rita",0,5
"75","BIOL","447","ADV COMPARE ANIMAL PHYSIOLOGY","1003","Pujari","Rita",6,20
"76","BUS","101","INTRODUCTION TO BUSINESS","1001","Mcgregor","Alissa",20,60
"77","BUS","102","INTRO TO ENTREPRENEURSHIP","1001","Kleeb","George",22,60
"78","BUS","110","HUMAN RELATIONS EMPLOYMNT","1001","Gavorsky","Michelle",28,60
"79","BUS","110","HUMAN RELATIONS EMPLOYMNT","1002","Kleeb","George",6,20
"80","BUS","273","BUSINESS LAW I","1001","Theriault","Stephen",18,30
"81","CADD","121","CAD FOR LAND SURVEYORS","1001","Calkins","Byron",10,30
"82","CHEM","100","MOLECULES/LIFE MODRN WRLD","1001","Bergey","Daniel",20,30
"83","CHEM","121","GENERAL CHEMISTRY I","1001","Freistroffer","David",12,34
"84","CHEM","121","GENERAL CHEMISTRY I","1002","Freistroffer","David",9,17
"85","CHEM","121","GENERAL CHEMISTRY I","1003","Freistroffer","David",3,17
"86","CHEM","121","GENERAL CHEMISTRY I","1004","Freistroffer","David",9,10
"87","CHEM","121","GENERAL CHEMISTRY I","1005","Freistroffer","David",0,5
"88","CHEM","121","GENERAL CHEMISTRY I","1006","Pujari","Rita",9,10
"89","CHEM","121","GENERAL CHEMISTRY I","1007","Freistroffer","David",0,5
"90","CHEM","121","GENERAL CHEMISTRY I","1008","Freistroffer","David",0,5
"91","CHEM","241L","ORGANIC CHEMISTRY LAB I","1001","Freistroffer","David",7,17
"92","CHEM","241L","ORGANIC CHEMISTRY LAB I","1002",NA,NA,1,30
"93","CHEM","241","ORGANIC CHEMISTRY I","1001","Freistroffer","David",7,17
"94","CHEM","241","ORGANIC CHEMISTRY I","1002","Freistroffer","David",1,8
"95","CHEM","241","ORGANIC CHEMISTRY I","1003","Freistroffer","David",0,5
"96","CHEM","241","ORGANIC CHEMISTRY I","1004","Freistroffer","David",1,5
"97","CIT","110","A+ HARDWARE","1001","Pike","Laura",9,30
"98","CIT","129","INTRO TO PROGRAMMING","1001","Pike","Laura",5,60
"99","CIT","130","BEGINNING JAVA","1001","Pike","Laura",5,30
"100","CIT","151","BEGINNING WEB DEVELOPMENT","1001","Schwandt","Katherine",13,60
"101","CIT","180","DATABASE CONCEPTS AND SQL","1001",NA,NA,5,30
"102","CIT","201","WORD CERTIFICATION PREP","1001","Arbillaga","Madison",1,30
"103","CIT","212","MICROSOFT NETWORKING II","1001","Pike","Laura",6,30
"104","CIT","217","SECURITY +","1001","Pike","Laura",2,30
"105","CIT","303","INTERMEDIATE SURVEY COMPUTING","1001",NA,NA,2,30
"106","CIT","361","TCP/IP: MANAGE NETWK RESOURCES","1001","Pike","Laura",2,30
"107","CIT","480","SQL DATABASE DESIGN/IMPLMNT","1001","Pike","Laura",2,30
"108","CMI","350","ULTRASOUND PHYSICS/INSTRUMENT","1001","Huttman","Reme",0,6
"109","CMI","350","ULTRASOUND PHYSICS/INSTRUMENT","1002","Huttman","Reme",0,2
"110","CMI","351","ABDOMINAL ULTRASOUND","1001","Huttman","Reme",0,6
"111","CMI","351","ABDOMINAL ULTRASOUND","1002","Huttman","Reme",0,2
"112","CMI","353","GYNECOLOGIC ULTRASOUND","1001","Huttman","Reme",0,6
"113","CMI","353","GYNECOLOGIC ULTRASOUND","1002","Huttman","Reme",0,2
"114","CMI","376","SECTIONAL ANATOMY IN MI","1001","Kiehn","Alex",3,8
"115","CMI","488","DIAG MED IMAGE CLINIC EXP III","1001","Huttman","Reme",0,2
"116","CMI","492","COMP MEDICAL IMAGING CAPSTONE","1001","Huttman","Reme",0,4
"117","COM","101","ORAL COMMUNICATION","1001","Collier","Erin",30,30
"118","COM","101","ORAL COMMUNICATION","1002","Rice","John",30,30
"119","COM","101","ORAL COMMUNICATION","1003","Rice","John",60,60
"120","COM","101","ORAL COMMUNICATION","1004","Cooley","Nicholas",12,60
"121","COT","101","COMPUTER KEYBOARDING I","1001","Phillips","Patricia",3,60
"122","COT","151","INTRO MICROSOFT WORD","1001","Brown","Lisa",6,30
"123","COT","204","USING WINDOWS","1001","Li","Di",9,60
"124","CPD","116","SUBS ABUSE-FUND FACTS","1001","Ravenelle","Grace",13,30
"125","CPD","116","SUBS ABUSE-FUND FACTS","1002","Sida","Oscar",0,30
"126","CRJ","104","INTRO TO ADMIN OF JUSTICE","1001","Sexton","David",11,30
"127","CRJ","104","INTRO TO ADMIN OF JUSTICE","TP01","Creamer","Sidnie",0,30
"128","CRJ","106","INTRO TO CORRECTIONS","1001","Sexton","David",11,30
"129","CRJ","211","POLICE IN AMERICA","1001","Sexton","David",7,30
"130","CRJ","226","PREVENTION/CONTROL DELINQUENCY","1001","Plager-Heard","Heather",1,30
"131","CRJ","230","CRIMINAL LAW","1001","Mills","Mark",8,30
"132","CRJ","265","INTRO PHYSICAL EVIDENCE","1001","Zumwalt","Donnie",10,30
"133","CRJ","270","INTRO TO CRIMINOLOGY","1001","Sexton","David",9,30
"134","CSCO","120","CCNA INTERNETWORKING FUNDMNTLS","1001","Pike","Laura",9,30
"135","DT","100","SHOP PRACTICES","1001","Jensen","Joseph",12,16
"136","DT","100","SHOP PRACTICES","1002","Owen","Earl",12,16
"137","DT","100","SHOP PRACTICES","1003","Rencher","Brian",5,16
"138","DT","100","SHOP PRACTICES","1004","Whitehead","Michael",2,16
"139","DT","100","SHOP PRACTICES","TP01","Creamer","Sidnie",0,30
"140","DT","101","BASIC DIESEL ENGINES","1001","Rencher","Brian",5,16
"141","DT","101","BASIC DIESEL ENGINES","1002","Whitehead","Michael",2,16
"142","DT","102","BASIC VEHICLE ELECTRONICS","1001","Owen","Earl",15,16
"143","DT","102","BASIC VEHICLE ELECTRONICS","1002","Owen","Earl",9,16
"144","DT","102","BASIC VEHICLE ELECTRONICS","1003","Whitehead","Michael",2,16
"145","DT","106","HEAVY DUTY TRANS/POWER TR","1001","Rencher","Brian",5,16
"146","DT","106","HEAVY DUTY TRANS/POWER TR","1002","Whitehead","Michael",0,16
"147","DT","201","DIESEL BRAKES/PNEUMATICS","1001","Rencher","Brian",5,16
"148","ECE","126","SOCIAL/EMOTIONAL DEVELOPMENT","1001","Eriksen-Wedmore","Leafe",3,30
"149","ECE","127","ROLE OF PLAY INFNT/TODDLR","1001","Macfarlan","Merri",6,30
"150","ECE","130","INFANCY","1001","Eriksen-Wedmore","Leafe",9,30
"151","ECE","190","PROFESSLISM/EARLY CARE","1001","Eriksen-Wedmore","Leafe",4,30
"152","ECE","200","THE EXCEPTIONAL CHILD","1001","Macfarlan","Merri",18,30
"153","ECE","204","PRINCIPLES CHILD GUIDANCE","1001","Eriksen-Wedmore","Leafe",10,30
"154","ECE","231","PRACTICUM:EARLY CHILD LAB","1001","Macfarlan","Merri",4,30
"155","ECE","250","INTRO EARLY CHILDHOOD EDU","1001","Macfarlan","Merri",25,60
"156","ECE","250","INTRO EARLY CHILDHOOD EDU","1002","Macfarlan","Merri",9,15
"157","ECE","250","INTRO EARLY CHILDHOOD EDU","1003","Macfarlan","Merri",0,5
"158","ECE","250","INTRO EARLY CHILDHOOD EDU","1004","Macfarlan","Merri",0,5
"159","ECE","250","INTRO EARLY CHILDHOOD EDU","1005","Macfarlan","Merri",0,5
"160","ECE","250","INTRO EARLY CHILDHOOD EDU","1006","Macfarlan","Merri",0,5
"161","ECE","250","INTRO EARLY CHILDHOOD EDU","1007","Macfarlan","Merri",2,2
"162","ECE","250","INTRO EARLY CHILDHOOD EDU","1008","Macfarlan","Merri",0,2
"163","ECE","250","INTRO EARLY CHILDHOOD EDU","1010","Macfarlan","Merri",0,2
"164","ECE","250","INTRO EARLY CHILDHOOD EDU","TP01","Creamer","Sidnie",0,30
"165","ECE","493","SUPERVISED INTERNSHIP IN ECE","1001","Macfarlan","Merri",1,30
"166","ECON","102","PRIN OF MICROECONOMICS","1001","Nielsen","Brandy",35,60
"167","ECON","103","PRINCIPLES OF MACROECONOMICS","1001","Nielsen","Brandy",9,60
"168","ECON","104","CURRENT ECONOMIC ISSUES","1001","Tenney","Glen",12,30
"169","ECON","365","LABOR ECONOMICS","1001","Nielsen","Brandy",6,30
"170","EDCT","447","CURRICULUM DEVELOPMENT IN CTE","1001","Joyce","Jeanne",7,30
"171","EDEL","311","ELEM METHODS PRACTICUM I","1001","Padilla","Denise",7,15
"172","EDEL","311","ELEM METHODS PRACTICUM I","1002","Carbon-Mendoza","Traci",1,10
"173","EDEL","311","ELEM METHODS PRACTICUM I","1003","Musial","Diann",1,10
"174","EDEL","311","ELEM METHODS PRACTICUM I","1004","Haslem","Kimberly",0,5
"175","EDEL","311","ELEM METHODS PRACTICUM I","1005","Padilla","Denise",0,5
"176","EDEL","313","ELEM METHODS PRACTICUM II","1001","Jueschke","Tamberly",5,15
"177","EDEL","313","ELEM METHODS PRACTICUM II","1002","Jueschke","Tamberly",4,5
"178","EDEL","313","ELEM METHODS PRACTICUM II","1003","Jueschke","Tamberly",0,5
"179","EDEL","313","ELEM METHODS PRACTICUM II","1004","Jueschke","Tamberly",0,5
"180","EDEL","313","ELEM METHODS PRACTICUM II","1005","Jueschke","Tamberly",1,2
"181","EDEL","313","ELEM METHODS PRACTICUM II","1006","Jueschke","Tamberly",0,2
"182","EDEL","315","ELEM METHD PRACTICUM III","1001","Padilla","Denise",5,15
"183","EDEL","315","ELEM METHD PRACTICUM III","1002","Padilla","Denise",2,5
"184","EDEL","315","ELEM METHD PRACTICUM III","1003","Padilla","Denise",3,5
"185","EDEL","315","ELEM METHD PRACTICUM III","1004","Padilla","Denise",0,5
"186","EDEL","315","ELEM METHD PRACTICUM III","1005","Padilla","Denise",1,2
"187","EDEL","433","METHODS TEACH PK-8 MATH","1001","King","Ashley",4,15
"188","EDEL","433","METHODS TEACH PK-8 MATH","1002","King","Ashley",2,5
"189","EDEL","433","METHODS TEACH PK-8 MATH","1003","King","Ashley",3,5
"190","EDEL","433","METHODS TEACH PK-8 MATH","1004","King","Ashley",0,5
"191","EDEL","433","METHODS TEACH PK-8 MATH","1005","King","Ashley",0,5
"192","EDEL","433","METHODS TEACH PK-8 MATH","1006","King","Ashley",0,2
"193","EDEL","433","METHODS TEACH PK-8 MATH","1007","King","Ashley",1,2
"194","EDEL","433","METHODS TEACH PK-8 MATH","1008","King","Ashley",0,2
"195","EDEL","443","METHODS TEACH PK-8 SCIENCE","1001","Frazier","Lisa",11,30
"196","EDEL","453","METHODS TEACH PK-8 SOC STDIES","1001","Desart","Sarah",16,30
"197","EDEL","483","ELEM SUPERVISD TEACH INTN","1001","Padilla","Denise",6,15
"198","EDEL","483","ELEM SUPERVISD TEACH INTN","1002","Carbon-Mendoza","Traci",1,5
"199","EDEL","483","ELEM SUPERVISD TEACH INTN","1003","Musial","Diann",2,5
"200","EDEL","483","ELEM SUPERVISD TEACH INTN","1004","Murphy","Radine",1,2
"201","EDEL","483","ELEM SUPERVISD TEACH INTN","1005","Haslem","Kimberly",1,2
"202","EDEL","483","ELEM SUPERVISD TEACH INTN","1006","Haslem","Kimberly",1,5
"203","EDEL","483","ELEM SUPERVISD TEACH INTN","1007","Haslem","Kimberly",0,5
"204","EDEL","483","ELEM SUPERVISD TEACH INTN","1008","Owen","Lynette",1,5
"205","EDEL","483","ELEM SUPERVISD TEACH INTN","1009","Warren","Tim",1,5
"206","EDEL","483","ELEM SUPERVISD TEACH INTN","1010","Eriksen-Wedmore","Leafe",0,5
"207","EDEL","491","ELEM EDU CAPSTONE SEMINAR","1001","Padilla","Denise",7,15
"208","EDEL","491","ELEM EDU CAPSTONE SEMINAR","1002","Padilla","Denise",1,5
"209","EDEL","491","ELEM EDU CAPSTONE SEMINAR","1003","Padilla","Denise",3,5
"210","EDEL","491","ELEM EDU CAPSTONE SEMINAR","1004","Padilla","Denise",1,2
"211","EDEL","491","ELEM EDU CAPSTONE SEMINAR","1005","Padilla","Denise",1,2
"212","EDEL","491","ELEM EDU CAPSTONE SEMINAR","1006","Padilla","Denise",1,5
"213","EDRL","437","TEACHING READING","1001","Haslem","Kimberly",5,15
"214","EDRL","437","TEACHING READING","1002","Haslem","Kimberly",1,5
"215","EDRL","437","TEACHING READING","1003","Haslem","Kimberly",1,5
"216","EDRL","437","TEACHING READING","1004","Haslem","Kimberly",2,5
"217","EDRL","437","TEACHING READING","1005","Haslem","Kimberly",0,5
"218","EDRL","437","TEACHING READING","1006","Haslem","Kimberly",0,2
"219","EDRL","471","THEORY/PRACT ACAD ENG LANG DEV","1001","Musial","Diann",28,40
"220","EDRL","474","METHOD/CURR TCH ENG LANG LEARN","1001","Ivey","Allison",16,30
"221","EDRL","477","PLCY,ISS,BSTPRAC ELL-PRACTCUM","1001","Ivey","Allison",13,30
"222","EDSC","311","SECNDRY METHD/PRACTICUM I","1001","Zeiszler","Brian",1,15
"223","EDSC","311","SECNDRY METHD/PRACTICUM I","1002","Zeiszler","Brian",1,5
"224","EDSC","311","SECNDRY METHD/PRACTICUM I","1003","Zeiszler","Brian",0,5
"225","EDSC","311","SECNDRY METHD/PRACTICUM I","1004","Zeiszler","Brian",0,5
"226","EDSC","311","SECNDRY METHD/PRACTICUM I","1005","Zeiszler","Brian",0,5
"227","EDSC","313","SECNDRY METHD/PRACTICM II","1001","Nielson","Emily",2,15
"228","EDSC","313","SECNDRY METHD/PRACTICM II","1002","Nielson","Emily",0,5
"229","EDSC","313","SECNDRY METHD/PRACTICM II","1003","Nielson","Emily",0,5
"230","EDSC","313","SECNDRY METHD/PRACTICM II","1004","Nielson","Emily",0,5
"231","EDSC","313","SECNDRY METHD/PRACTICM II","1005","Nielson","Emily",0,5
"232","EDSC","315","SECNDRY METHD/PRACTM III","1001","Nielson","Emily",0,15
"233","EDSC","315","SECNDRY METHD/PRACTM III","1002","Nielson","Emily",0,5
"234","EDSC","315","SECNDRY METHD/PRACTM III","1003","Nielson","Emily",0,5
"235","EDSC","315","SECNDRY METHD/PRACTM III","1004","Nielson","Emily",0,5
"236","EDSC","315","SECNDRY METHD/PRACTM III","1005","Nielson","Emily",0,5
"237","EDSC","483","SECND SUPRVSD TCH INTNSHP","1001","Zeiszler","Brian",1,15
"238","EDSC","491","SEC ED CAPSTONE SEMINAR","1001","Padilla","Denise",1,15
"239","EDSP","301","EDUCATION EXCPTL CHILD","1001","Haslem","Kimberly",4,15
"240","EDSP","301","EDUCATION EXCPTL CHILD","1002","Haslem","Kimberly",4,5
"241","EDSP","301","EDUCATION EXCPTL CHILD","1003","Haslem","Kimberly",0,5
"242","EDSP","301","EDUCATION EXCPTL CHILD","1004","Haslem","Kimberly",0,5
"243","EDSP","301","EDUCATION EXCPTL CHILD","1005","Haslem","Kimberly",1,5
"244","EDSP","301","EDUCATION EXCPTL CHILD","1006","Haslem","Kimberly",1,2
"245","EDSP","443","SPECL EDUC CURR/GEN METHD","1001","Haslem","Kimberly",10,30
"246","EDSP","453","BEHAVR TCHNQ/STDT DISABIL","1001","Haslem","Kimberly",10,30
"247","EDSP","484","SPECIAL EDUC: ELEM LEVEL","1001","Haslem","Kimberly",5,30
"248","EDSP","485","SPECIAL EDUC:SECOND LEVEL","1001","Haslem","Kimberly",6,15
"249","EDSP","495","STUDNT TEACH INTRN/SP EDU","1001","Haslem","Kimberly",1,20
"250","EDUC","323","CURRICULM DESIGN/FAMILY ENGAGE","1001","Zeiszler","Brian",4,30
"251","EDUC","406","CURRICLM/ASSESS EDUCATION","1001","Padilla","Denise",15,30
"252","EDU","210","NEVADA SCHOOL LAW","1001","Negrete","Sarah",10,30
"253","EDU","214","PREP TEACHERS TO USE TECH","1001","Frazier","Lisa",26,30
"254","EDU","250","FOUNDATIONS OF EDUCATION","1001","Zeiszler","Brian",10,30
"255","EDU","250","FOUNDATIONS OF EDUCATION","1002","Zeiszler","Brian",1,15
"256","EDU","250","FOUNDATIONS OF EDUCATION","1003","Zeiszler","Brian",1,5
"257","EDU","250","FOUNDATIONS OF EDUCATION","1004","Zeiszler","Brian",0,5
"258","EDU","250","FOUNDATIONS OF EDUCATION","1005","Zeiszler","Brian",0,5
"259","EDU","250","FOUNDATIONS OF EDUCATION","1006","Zeiszler","Brian",0,5
"260","EDU","295","EDUCATION TOP: SUBTITLE VARIES: ARL INTRO EDUCATION FOUNDATION","1001","Musial","Diann",3,30
"261","EDU","295","EDUCATION TOP: SUBTITLE VARIES: ARL INTRO ECE/SP ED/ELEM EDUC","1002","Padilla","Denise",0,15
"262","EDU","295","EDUCATION TOP: SUBTITLE VARIES: ARL INTRO SECONDARY EDUCATION","1003","Zeiszler","Brian",0,15
"263","EDU","295","EDUCATION TOP: SUBTITLE VARIES: ARL INTRO ECE/SP ED/ELEM EDUC","1004","Padilla","Denise",0,5
"264","EDU","295","EDUCATION TOP: SUBTITLE VARIES: ARL INTRO SECONDARY EDUCATION","1005","Zeiszler","Brian",0,5
"265","EDU","295","EDUCATION TOP: SUBTITLE VARIES: ARL INTRO ECE/SP ED/ELEM EDUC","1006","Padilla","Denise",0,5
"266","EDU","295","EDUCATION TOP: SUBTITLE VARIES: ARL INTRO SECONDARY EDUCATION","1007","Zeiszler","Brian",0,5
"267","EDU","295","EDUCATION TOP: SUBTITLE VARIES: ARL INTRO ECE/SP ED/ELEM EDUC","1008","Padilla","Denise",0,5
"268","EDU","295","EDUCATION TOP: SUBTITLE VARIES: ARL INTRO SECONDARY EDUCATION","1009","Zeiszler","Brian",0,5
"269","EDU","295","EDUCATION TOP: SUBTITLE VARIES: ARL INTRO ECE/SP ED/ELEM EDUC","1010","Padilla","Denise",1,5
"270","EDU","295","EDUCATION TOP: SUBTITLE VARIES: ARL INTRO SECONDARY EDUCATION","1011","Zeiszler","Brian",0,5
"271","EIT","233","INTRO TO INSTRUMENTATION","1001","Asusta","Bryan",8,16
"272","EIT","233","INTRO TO INSTRUMENTATION","1002","Asusta","Bryan",8,16
"273","EIT","233","INTRO TO INSTRUMENTATION","1003",NA,NA,5,16
"274","EIT","315","PRES/LEV/FLW MEASUREMENT","1001","Stugelmayer","James",8,16
"275","EIT","315","PRES/LEV/FLW MEASUREMENT","1002","Stugelmayer","James",8,16
"276","EIT","315","PRES/LEV/FLW MEASUREMENT","1003","Stugelmayer","James",5,16
"277","EIT","323","INSTALLATION AND CONFIGURATION","1001","Stugelmayer","James",8,16
"278","EIT","323","INSTALLATION AND CONFIGURATION","1002","Stugelmayer","James",8,16
"279","EIT","323","INSTALLATION AND CONFIGURATION","1003","Stugelmayer","James",5,16
"280","EIT","333","PRCSS & INSTRMNT DIAGRAM","1001","Asusta","Bryan",8,16
"281","EIT","333","PRCSS & INSTRMNT DIAGRAM","1002","Asusta","Bryan",8,16
"282","EIT","333","PRCSS & INSTRMNT DIAGRAM","1003","Asusta","Bryan",5,16
"283","EIT","368","MEASUREMENT SYS ANALYSIS","1001","Stugelmayer","James",8,16
"284","EIT","368","MEASUREMENT SYS ANALYSIS","1002","Asusta","Bryan",8,16
"285","EIT","368","MEASUREMENT SYS ANALYSIS","1003",NA,NA,5,16
"286","ELM","112","ELECTRICAL THEORY, DC","1001","Seipp","Kevin",15,16
"287","ELM","112","ELECTRICAL THEORY, DC","1002","Seipp","Kevin",10,16
"288","ELM","112","ELECTRICAL THEORY, DC","1003",NA,NA,11,16
"289","ELM","112","ELECTRICAL THEORY, DC","1004","Woolever","Dakota",15,16
"290","ELM","112","ELECTRICAL THEORY, DC","1005","Leyba","Sam",1,16
"291","ELM","120","LOW VOLTAGE SYSTEMS","1001","Dykstra","Todd",15,16
"292","ELM","120","LOW VOLTAGE SYSTEMS","1002","Dykstra","Todd",10,16
"293","ELM","120","LOW VOLTAGE SYSTEMS","1003","Leyba","Sam",1,16
"294","ELM","120","LOW VOLTAGE SYSTEMS","1004","Woolever","Dakota",15,16
"295","ELM","121","CIRCUIT DESIGN","1001","Garcia","Steve",13,16
"296","ELM","121","CIRCUIT DESIGN","1002","Garcia","Steve",10,16
"297","ELM","121","CIRCUIT DESIGN","1003",NA,NA,9,16
"298","ELM","121","CIRCUIT DESIGN","1004","Woolever","Dakota",15,16
"299","ELM","121","CIRCUIT DESIGN","1005","Leyba","Sam",1,16
"300","ELM","121","CIRCUIT DESIGN","TP01","Creamer","Sidnie",0,30
"301","ELM","122","AC THEORY","1001","Seipp","Kevin",14,16
"302","ELM","122","AC THEORY","1002","Seipp","Kevin",10,16
"303","ELM","122","AC THEORY","1003",NA,NA,9,16
"304","ELM","122","AC THEORY","1004","Woolever","Dakota",15,16
"305","ELM","122","AC THEORY","1005","Leyba","Sam",1,16
"306","ELM","124","DC GEN, MOTORS & CONTROLS","1001","Seipp","Kevin",14,16
"307","ELM","124","DC GEN, MOTORS & CONTROLS","1002","Seipp","Kevin",10,16
"308","ELM","124","DC GEN, MOTORS & CONTROLS","1003",NA,NA,9,16
"309","ELM","124","DC GEN, MOTORS & CONTROLS","1004","Woolever","Dakota",15,16
"310","ELM","124","DC GEN, MOTORS & CONTROLS","1005","Leyba","Sam",1,16
"311","ELM","128","TRANSFRMRS & IND LIGHTING","1001","Garcia","Steve",13,16
"312","ELM","128","TRANSFRMRS & IND LIGHTING","1002","Garcia","Steve",10,16
"313","ELM","128","TRANSFRMRS & IND LIGHTING","1003","Kelly","Dwayne",9,16
"314","ELM","128","TRANSFRMRS & IND LIGHTING","1004","Woolever","Dakota",15,16
"315","ELM","128","TRANSFRMRS & IND LIGHTING","1005","Leyba","Sam",1,16
"316","ELM","141","BLUEPRINT READING","1001","Garcia","Steve",13,16
"317","ELM","141","BLUEPRINT READING","1002","Garcia","Steve",6,16
"318","ELM","141","BLUEPRINT READING","1003",NA,NA,6,16
"319","ELM","141","BLUEPRINT READING","1004","Woolever","Dakota",15,16
"320","ELM","141","BLUEPRINT READING","1005","Leyba","Sam",1,16
"321","ELM","142","RACEWAYS","1001","Garcia","Steve",13,16
"322","ELM","142","RACEWAYS","1002","Garcia","Steve",10,16
"323","ELM","142","RACEWAYS","1003","Kelly","Dwayne",5,16
"324","ELM","142","RACEWAYS","1004","Woolever","Dakota",14,16
"325","ELM","142","RACEWAYS","1005","Leyba","Sam",1,16
"326","EMS","108","EMT","1001","Ellis","David",5,20
"327","EMS","108","EMT","1002","Ellis","David",0,20
"328","EMS","108","EMT","1003","Medici","James",0,20
"329","EMS","108","EMT","TP01","Creamer","Sidnie",0,30
"330","EMS","198","SPECIAL TOPICS IN EMS: INTRO TO PARAMEDIC INTERNSHIP","1001","Ellis","David",0,16
"331","EMS","204","PRINC ANATOMY/PATHOPHYSIOLOGY","1001","Ellis","David",3,16
"332","EMS","206","PRIN PHARM/MEDICATION/VENOUS","1001","Ellis","David",3,16
"333","EMS","215","ASSESS BSD MGT/OP PARAMED","1001","Ellis","David",1,9
"334","EMS","216","HOSP/CLINIC EXP PARAMEDIC","1001","Ellis","David",1,9
"335","ENG","100","COMPOSITION-ENHANCED","1001","Webster","Joshua",38,60
"336","ENG","100","COMPOSITION-ENHANCED","1002","Buell","Evi",28,60
"337","ENG","100","COMPOSITION-ENHANCED","1003","Cooley","Nicholas",8,15
"338","ENG","100","COMPOSITION-ENHANCED","1004","Rudkin","Kimberly",8,30
"339","ENG","100","COMPOSITION-ENHANCED","1005","Rudkin","James",0,30
"340","ENG","100","COMPOSITION-ENHANCED","1006","Cooley","Nicholas",1,5
"341","ENG","100","COMPOSITION-ENHANCED","1007","Cooley","Nicholas",0,5
"342","ENG","100","COMPOSITION-ENHANCED","1008","Cooley","Nicholas",0,5
"343","ENG","100","COMPOSITION-ENHANCED","1009","Cooley","Nicholas",1,5
"344","ENG","101","COMPOSITION I","1001","Buell","Evi",60,60
"345","ENG","101","COMPOSITION I","1003","Buell","Evi",27,30
"346","ENG","101","COMPOSITION I","1004","Buell","Evi",29,30
"347","ENG","101","COMPOSITION I","1005","Buell","Evi",10,30
"348","ENG","101","COMPOSITION I","1006","Maher","Nicole",30,30
"349","ENG","101","COMPOSITION I","1007","Lackey","Samuel",30,30
"350","ENG","101","COMPOSITION I","1008","Cooley","Nicholas",30,30
"351","ENG","101","COMPOSITION I","1009","Buell","Evi",14,30
"352","ENG","101","COMPOSITION I","1010","Ryan","Jennifer",30,30
"353","ENG","101","COMPOSITION I","1011","Webster","Joshua",60,60
"354","ENG","101","COMPOSITION I","1012","Lackey","Samuel",30,30
"355","ENG","101","COMPOSITION I","1013","Buell","Evi",12,30
"356","ENG","101","COMPOSITION I","1014","Uhlenkott","Linda",30,30
"357","ENG","101","COMPOSITION I","1015",NA,NA,14,30
"358","ENG","101","COMPOSITION I","1016","Lackey","Samuel",3,15
"359","ENG","101","COMPOSITION I","1017",NA,NA,9,15
"360","ENG","101","COMPOSITION I","1018","Webster","Joshua",4,15
"361","ENG","101","COMPOSITION I","1019","Webster","Joshua",0,5
"362","ENG","101","COMPOSITION I","1020","Ford","Carol",30,30
"363","ENG","101","COMPOSITION I","1021","Buell","Evi",2,5
"364","ENG","101","COMPOSITION I","1023","Lackey","Samuel",1,5
"365","ENG","101","COMPOSITION I","1024","Webster","Joshua",1,5
"366","ENG","101","COMPOSITION I","1025","Buell","Evi",0,5
"367","ENG","101","COMPOSITION I","1026","Lackey","Samuel",3,5
"368","ENG","101","COMPOSITION I","1027","Buell","Evi",1,5
"369","ENG","101","COMPOSITION I","1028","Lackey","Samuel",0,5
"370","ENG","101","COMPOSITION I","1030","Webster","Joshua",1,5
"371","ENG","101","COMPOSITION I","1033","Lackey","Samuel",0,5
"372","ENG","101","COMPOSITION I","1034","Lackey","Samuel",0,5
"373","ENG","101","COMPOSITION I","1035","Lackey","Samuel",0,5
"374","ENG","101","COMPOSITION I","1036","Brinkerhoff","Coni",12,25
"375","ENG","102","COMPOSITION II","1001","Uhlenkott","Linda",30,30
"376","ENG","102","COMPOSITION II","1002","Grudzinski","Walter",25,30
"377","ENG","102","COMPOSITION II","1003","Nielsen","Courtney",30,30
"378","ENG","102","COMPOSITION II","1004",NA,NA,30,30
"379","ENG","102","COMPOSITION II","1005","Keranen","Diane",16,30
"380","ENG","102","COMPOSITION II","1006","Lackey","Samuel",1,15
"381","ENG","102","COMPOSITION II","1007","Lackey","Samuel",4,5
"382","ENG","102","COMPOSITION II","1008","Lackey","Samuel",0,5
"383","ENG","102","COMPOSITION II","1009","Lackey","Samuel",1,5
"384","ENG","102","COMPOSITION II","1010","Lackey","Samuel",0,5
"385","ENG","102","COMPOSITION II","1011","Lackey","Samuel",0,5
"386","ENG","103","ENGLISH FUND TECH WRITING","1001","Stieger","Jennifer",17,30
"387","ENG","103","ENGLISH FUND TECH WRITING","1002","Zulim","Whitney",24,30
"388","ENG","103","ENGLISH FUND TECH WRITING","1003","Zulim","Whitney",13,30
"389","ENG","107","TECH COMMUNICATIONS I","1001","Jensen","Erin",7,30
"390","ENG","108","TECH COMMUNICATIONS II","1001",NA,NA,3,30
"391","ENG","203","INTRO TO LITERARY STUDY","1001","Buell","Evi",12,30
"392","ENG","205","INTRO TO CREATIVE WRITING","1001","Webster","Joshua",17,30
"393","ENG","205","INTRO TO CREATIVE WRITING","1002","Webster","Joshua",1,15
"394","ENG","205","INTRO TO CREATIVE WRITING","1003","Webster","Joshua",0,5
"395","ENG","205","INTRO TO CREATIVE WRITING","1004","Webster","Joshua",0,5
"396","ENG","205","INTRO TO CREATIVE WRITING","1005","Webster","Joshua",0,5
"397","ENG","205","INTRO TO CREATIVE WRITING","1006","Webster","Joshua",0,5
"398","ENG","223","THEMES OF LITERATURE: LITERATURE AND THE ENVIRONMENT","1001","Bentley","Susanne",30,30
"399","ENG","250","INTRO CHILDREN'S LITERATURE","1001","Padilla","Denise",30,30
"400","ENG","329","LANGUAGE STUDY","1001","Buell","Evi",12,30
"401","ENG","333","PROF COMMUNICATIONS","1001","Lackey","Samuel",27,30
"402","ENG","402A","ADVANCED CREATIVE WRITING","1001","Webster","Joshua",15,30
"403","ENG","449A","BRITISH LITERATURE I","1001","Bentley","Susanne",24,30
"404","ENG","497A","TOP MULTI-CULTURAL LIT","1001","Bentley","Susanne",23,30
"405","ENG","498B","ENGLISH CAPSTONE","1001","Webster","Joshua",3,30
"406","ENV","100","HUMANS AND THE ENVIRONMENT","1001","Meisner","Caroline",32,60
"407","EPD","480","COACH/MENTOR STUDNT INTRN","1001","Padilla","Denise",0,15
"408","EPD","480","COACH/MENTOR STUDNT INTRN","1002","Padilla","Denise",0,5
"409","EPD","480","COACH/MENTOR STUDNT INTRN","1003","Padilla","Denise",0,5
"410","EPD","480","COACH/MENTOR STUDNT INTRN","1004","Padilla","Denise",0,5
"411","EPD","480","COACH/MENTOR STUDNT INTRN","1005","Padilla","Denise",0,5
"412","EPY","330","PRINCIPLES OF EDUC PSYCHOLOGY","1001","Zeiszler","Brian",12,30
"413","FIN","101","PERSONAL FINANCE","1001","Nielsen","Brandy",22,60
"414","FIN","310","APPLIED ACCOUNTING AND FINANCE","1001","Tenney","Glen",14,60
"415","FREN","111","FIRST YEAR FRENCH I","1001",NA,NA,7,30
"416","GEOG","106","INTRO TO CULTURAL GEOGRAPHY","1001","Walsh","Laurie",8,30
"417","GEOL","101","EXPLORING PLANET EARTH","1002","Meisner","Caroline",34,60
"418","GEOL","101","EXPLORING PLANET EARTH","1008","Meisner","Caroline",34,60
"419","GIS","109","INTRO GEOGRPHC INFO SYST","1001","Calkins","Byron",15,60
"420","GIS","320","GIS IN BUS/COMMUNITY","1001","Calkins","Byron",0,30
"421","GRC","101","INTRO GRAPHIC COMMUNICATN","1001","Johnson","Brady",10,30
"422","GRC","103","INTRO COMPUTER GRAPHICS","1001","Johnson","Brady",10,30
"423","GRC","119","DIGITAL MEDIA","1001","Schwandt","Katherine",8,60
"424","GRC","156","DESIGN WITH ILLUSTRATOR","1001","Boudinot","Dominique",10,30
"425","GRC","320","DESIGN METHODS AND RESEARCH","1001","Schwandt","Katherine",6,30
"426","GRC","350","DESIGN IDEATION AND PROCESS","1001","Schwandt","Katherine",6,30
"427","GRC","365","WEB AND USER INTERFACE DESIGN","1001","Schwandt","Katherine",3,30
"428","GRC","455","MOTION GRAPHICS","1001","Schwandt","Katherine",2,30
"429","HDFS","201","LIFESPAN HUMAN DEVELOPMNT","1001","Macfarlan","Merri",17,30
"430","HDFS","202","INTRODUCTION TO FAMILIES","1001","Macfarlan","Merri",11,30
"431","HDFS","232","DIVERSITY IN CHILDREN","1001","Eriksen-Wedmore","Leafe",13,30
"432","HIST","101","U.S. HISTORY TO 1877","1001","Foster","Jonathan",60,60
"433","HIST","101","U.S. HISTORY TO 1877","1002","Foster","Jonathan",30,30
"434","HIST","101","U.S. HISTORY TO 1877","1003","Foster","Jonathan",60,60
"435","HIST","101","U.S. HISTORY TO 1877","1004","Hawkley","Ethan",60,60
"436","HIST","101","U.S. HISTORY TO 1877","1005","Cherland","Summer",30,30
"437","HIST","101","U.S. HISTORY TO 1877","1006","Bissonette","Devan",30,30
"438","HIST","101","U.S. HISTORY TO 1877","1008","Pitts","Sean",12,20
"439","HIST","101","U.S. HISTORY TO 1877","1011","Hawkins","Lisa",7,30
"440","HIST","102","U.S. HISTORY SINCE 1877","1001","Foster","Jonathan",60,60
"441","HIST","102","U.S. HISTORY SINCE 1877","1002",NA,NA,4,30
"442","HIST","208","WORLD HISTORY I","1001","Hawkley","Ethan",8,30
"443","HIST","303","WORLDS OF ISLAM","1001","Hawkley","Ethan",8,30
"444","HIST","417C","WEST NATIONAL EXPERIENCE","1001","Foster","Jonathan",24,30
"445","HMS","101","INTRO HUMAN SERVICES","1001","Sida","Oscar",13,60
"446","HMS","102","INTRO TO COUNSELING","1001","Sida","Oscar",12,60
"447","HMS","104","SM GROUP INTERACT TECHNQ","1001","Sida","Oscar",4,40
"448","HMS","105","SUBSTANCE ABUSE COUNSEL","1001","Sida","Oscar",2,20
"449","HMS","200","ETHICS IN HUMAN SERVICES","1001","Sida","Oscar",12,30
"450","HMS","200","ETHICS IN HUMAN SERVICES","1002","Sida","Oscar",4,30
"451","HMS","206","HUMAN SERV PRACTICUM II","1001","Sida","Oscar",6,20
"452","HMS","322","FAM INT TREATMENT OF ADDICTION","1001","Sida","Oscar",0,30
"453","HMS","350","PUBLIC ADVOCACY COMMUNITY DEV","1001","Sida","Oscar",2,30
"454","HMS","405","ADV HUMAN SERVICES PRAC I","1001","Sida","Oscar",2,30
"455","HMS","439","GAMBLING DIS BEHAVIORAL ADDIC","1001","Sida","Oscar",0,15
"456","HMS","465","CLINICAL WRITING, CASE MGMT","1001","Sida","Oscar",1,30
"457","HUM","101","INTRO TO HUMANITIES I","1001","Bentley","Susanne",30,30
"458","HUM","101","INTRO TO HUMANITIES I","1002","Bentley","Susanne",0,30
"459","HUM","101","INTRO TO HUMANITIES I","1003","Bentley","Susanne",1,30
"460","INT","301","INT RSRCH METHODOLOGY","1001","Hawkley","Ethan",23,30
"461","INT","339","INTEGRATIVE HUMANITIES SEMINAR: FOOD: SCIENCE POLITICS ETHICS","1001","Cooley","Nicholas",19,30
"462","INT","349","INTEGRATIVE SOCIAL SCIENCE SEM","1001","Gonzales","Danny",19,30
"463","INT","359","INTEGRATIVE MATH SEMINAR: STATISTICAL APPLICATIONS: SPSS","1001","Murphree","Daniel",21,30
"464","INT","369","INTEGRATIVE SCIENCE SEMINAR: NATURAL DISASTERS","1001","White","Justin",34,60
"465","IS","101","INTRO INFORMATION SYSTEMS","1001","Arbillaga","Madison",24,60
"466","IS","101","INTRO INFORMATION SYSTEMS","1002","Arbillaga","Madison",2,60
"467","IS","201","COMPUTER APPLICATIONS","1001","Brown","Lisa",14,60
"468","IS","301","MANAGEMENT INFORMATION SYSTEMS","1001","Arbillaga","Madison",15,30
"469","IT","102","PIPEFITTING PRINCIPLES","1001","Bruns","Thomas",7,16
"470","IT","102","PIPEFITTING PRINCIPLES","1002","Bruns","Thomas",1,16
"471","IT","106","MILLWRIGHT/PROCESS TERMINOLOGY","1001","Whittaker","Norman",7,16
"472","IT","106","MILLWRIGHT/PROCESS TERMINOLOGY","1002","Bruns","Thomas",1,16
"473","IT","201","BLUEPRINT READ/MEAS FUND","1001","Whittaker","Norman",7,16
"474","IT","201","BLUEPRINT READ/MEAS FUND","1002","Whittaker","Norman",1,16
"475","IT","208","FLUID POWER","1001","Jensen","Joseph",15,16
"476","IT","208","FLUID POWER","1002","Jensen","Joseph",9,16
"477","IT","208","FLUID POWER","1003","Whitehead","Michael",0,16
"478","IT","209","PRINCIPLES OF RIGGING","1001","Bruns","Thomas",7,16
"479","IT","209","PRINCIPLES OF RIGGING","1002","Bruns","Thomas",1,16
"480","IT","216","BASIC METALLURGY","1001","Whittaker","Norman",7,16
"481","IT","216","BASIC METALLURGY","1002","Whittaker","Norman",1,16
"482","MATH","116E","TECHNICAL MATHEMATICS EXPANDED","1001","Beck","Stefan",24,30
"483","MATH","116E","TECHNICAL MATHEMATICS EXPANDED","1002","Beck","Stefan",15,30
"484","MATH","116E","TECHNICAL MATHEMATICS EXPANDED","1003","Beck","Stefan",7,30
"485","MATH","116E","TECHNICAL MATHEMATICS EXPANDED","1004","Beck","Stefan",9,30
"486","MATH","116E","TECHNICAL MATHEMATICS EXPANDED","1005","Beck","Stefan",3,30
"487","MATH","116E","TECHNICAL MATHEMATICS EXPANDED","1006","Beck","Stefan",4,16
"488","MATH","116E","TECHNICAL MATHEMATICS EXPANDED","1007","Beck","Stefan",0,5
"489","MATH","116E","TECHNICAL MATHEMATICS EXPANDED","1008","Beck","Stefan",0,5
"490","MATH","120E","FUND OF COLLEGE MATH EXPANDED","1001","Murphree","Daniel",0,5
"491","MATH","120E","FUND OF COLLEGE MATH EXPANDED","1002","Murphree","Daniel",8,10
"492","MATH","120E","FUND OF COLLEGE MATH EXPANDED","1003","Murphree","Daniel",17,25
"493","MATH","120E","FUND OF COLLEGE MATH EXPANDED","1004","Murphree","Daniel",1,4
"494","MATH","120E","FUND OF COLLEGE MATH EXPANDED","1005","Murphree","Daniel",0,4
"495","MATH","120E","FUND OF COLLEGE MATH EXPANDED","1006","Murphree","Daniel",0,3
"496","MATH","120","FUND OF COLLEGE MATH","1001","Murphree","Daniel",30,30
"497","MATH","120","FUND OF COLLEGE MATH","1002","Murphree","Daniel",2,5
"498","MATH","120","FUND OF COLLEGE MATH","1003","Murphree","Daniel",5,9
"499","MATH","120","FUND OF COLLEGE MATH","1004","Murphree","Daniel",11,11
"500","MATH","120","FUND OF COLLEGE MATH","1005","Murphree","Daniel",1,5
"501","MATH","120","FUND OF COLLEGE MATH","1006","Murphree","Daniel",4,5
"502","MATH","120","FUND OF COLLEGE MATH","1007","Murphree","Daniel",1,5
"503","MATH","120","FUND OF COLLEGE MATH","1008","Murphree","Daniel",0,5
"504","MATH","120","FUND OF COLLEGE MATH","1009","Murphree","Daniel",0,5
"505","MATH","120","FUND OF COLLEGE MATH","1010","Murphree","Daniel",0,5
"506","MATH","120","FUND OF COLLEGE MATH","1011","Murphree","Daniel",0,2
"507","MATH","120","FUND OF COLLEGE MATH","1012",NA,NA,23,30
"508","MATH","122","NUM CONCEPT FOR ELEM TCHR","1001","Cracraft","Cathryn",30,30
"509","MATH","126E","PRECALCULUS I EXPANDED","1001","Owens","Lynne",2,10
"510","MATH","126E","PRECALCULUS I EXPANDED","1002","Owens","Lynne",1,25
"511","MATH","126E","PRECALCULUS I EXPANDED","1003","Owens","Lynne",0,4
"512","MATH","126E","PRECALCULUS I EXPANDED","1004","Owens","Lynne",0,4
"513","MATH","126E","PRECALCULUS I EXPANDED","1005","Owens","Lynne",0,4
"514","MATH","126E","PRECALCULUS I EXPANDED","1009","Owens","Lynne",0,3
"515","MATH","126","PRECALCULUS I","1001","Jung","Jin",30,30
"516","MATH","126","PRECALCULUS I","1002","Du","Xunming",30,30
"517","MATH","126","PRECALCULUS I","1003","Jung","Jin",1,15
"518","MATH","126","PRECALCULUS I","1004","Paxton","James",30,30
"519","MATH","126","PRECALCULUS I","1005","Wang","Junyi",30,30
"520","MATH","126","PRECALCULUS I","1006","Murphree","Daniel",3,10
"521","MATH","126","PRECALCULUS I","1008","Murphree","Daniel",6,10
"522","MATH","126","PRECALCULUS I","1009","Jung","Jin",0,5
"523","MATH","126","PRECALCULUS I","1010","Murphree","Daniel",0,5
"524","MATH","126","PRECALCULUS I","1011","Jung","Jin",0,5
"525","MATH","126","PRECALCULUS I","1013","Jung","Jin",0,5
"526","MATH","126","PRECALCULUS I","1015","Murphree","Daniel",0,5
"527","MATH","126","PRECALCULUS I","1016",NA,NA,28,30
"528","MATH","127","PRECALCULUS II","1001","Hardy","Michael",28,30
"529","MATH","127","PRECALCULUS II","1002","Du","Xunming",17,30
"530","MATH","128","PRECALCULUS AND TRIGONOMETRY","1001",NA,NA,6,30
"531","MATH","181","CALCULUS I","1001","Owens","Lynne",27,30
"532","MATH","181","CALCULUS I","1002","Owens","Lynne",6,15
"533","MATH","181","CALCULUS I","1003","Owens","Lynne",1,5
"534","MATH","181","CALCULUS I","1004","Owens","Lynne",1,5
"535","MATH","181","CALCULUS I","1005","Owens","Lynne",0,5
"536","MATH","181","CALCULUS I","1006",NA,NA,9,30
"537","MATH","20","LEARN SUPPORT MATH 120/120E","1001","Murphree","Daniel",0,5
"538","MATH","20","LEARN SUPPORT MATH 120/120E","1002","Murphree","Daniel",8,10
"539","MATH","20","LEARN SUPPORT MATH 120/120E","1003","Murphree","Daniel",17,25
"540","MATH","20","LEARN SUPPORT MATH 120/120E","1004","Murphree","Daniel",1,4
"541","MATH","20","LEARN SUPPORT MATH 120/120E","1005","Murphree","Daniel",0,4
"542","MATH","20","LEARN SUPPORT MATH 120/120E","1006","Murphree","Daniel",0,3
"543","MATH","251","DISCRETE MATHEMATICS I","1001","Jung","Jin",3,10
"544","MATH","26","LEARNING SUPPORT MATH 126/126E","1001","Owens","Lynne",2,10
"545","MATH","26","LEARNING SUPPORT MATH 126/126E","1002","Owens","Lynne",1,25
"546","MATH","26","LEARNING SUPPORT MATH 126/126E","1003","Owens","Lynne",0,4
"547","MATH","26","LEARNING SUPPORT MATH 126/126E","1004","Owens","Lynne",0,4
"548","MATH","26","LEARNING SUPPORT MATH 126/126E","1005","Owens","Lynne",0,4
"549","MATH","26","LEARNING SUPPORT MATH 126/126E","1009","Owens","Lynne",0,3
"550","MATH","283","CALCULUS III","1001",NA,NA,2,10
"551","MATH","330","LINEAR ALGEBRA","1001",NA,NA,3,10
"552","MATH","333","NUMBER THEORY FOR SEC ED","1001","Newman","John",3,10
"553","MATH","91","BASIC MATHEMATICS","1001","Wang","Ping",30,30
"554","MATH","91","BASIC MATHEMATICS","1002","Wang","Ping",9,30
"555","MATH","91","BASIC MATHEMATICS","1003","Pawelek","Arrayana",8,30
"556","MATH","91","BASIC MATHEMATICS","1004","Wasala","Milinda",5,30
"557","MATH","91","BASIC MATHEMATICS","1006","Cutler","Jayson",13,30
"558","MATH","91","BASIC MATHEMATICS","1007","Wasala","Milinda",2,30
"559","MATH","95","ELEMENTARY ALGEBRA","1001","Murphree","Caroline",30,30
"560","MATH","95","ELEMENTARY ALGEBRA","1002","Pawelek","Arrayana",12,30
"561","MATH","95","ELEMENTARY ALGEBRA","1004","Murphree","Caroline",19,30
"562","MATH","95","ELEMENTARY ALGEBRA","1005","Werner","Susan",5,30
"563","MATH","95","ELEMENTARY ALGEBRA","1006","Paxton","James",30,30
"564","MATH","96","INTERMEDIATE ALGEBRA","1001","Schmidt","Kelly",30,30
"565","MATH","96","INTERMEDIATE ALGEBRA","1002","Schmidt","Kelly",19,30
"566","MATH","96","INTERMEDIATE ALGEBRA","1003","Harp","Carrie",12,30
"567","MATH","96","INTERMEDIATE ALGEBRA","1004","Wang","Junyi",7,30
"568","MATH","96","INTERMEDIATE ALGEBRA","1005","Macias","Rebecca",5,30
"569","MATH","97","ELEM & INTERMEDIATE ALGEB","1001","Jung","Jin",9,15
"570","MATH","97","ELEM & INTERMEDIATE ALGEB","1002","Boner","Lyle",21,30
"571","MATH","97","ELEM & INTERMEDIATE ALGEB","1003","Jung","Jin",3,30
"572","MATH","97","ELEM & INTERMEDIATE ALGEB","1004","Du","Xunming",7,30
"573","MATH","97","ELEM & INTERMEDIATE ALGEB","1005","Jung","Jin",1,5
"574","MATH","97","ELEM & INTERMEDIATE ALGEB","1006","Jung","Jin",0,5
"575","MATH","97","ELEM & INTERMEDIATE ALGEB","1007","Jung","Jin",1,5
"576","MCOD","110","INTRO MEDICAL CODE/BILL","1001","Arbillaga","Madison",14,30
"577","MCOD","120","MED TERMLGY HLTHCARE/ENV","1001","Arbillaga","Madison",14,30
"578","MCOD","130","INTRO ANAT/PATH/PHARM","1001","Arbillaga","Madison",14,30
"579","MCOD","140","HLTH CARE STRUCT/MED RCRD","1001","Arbillaga","Madison",14,30
"580","MGT","103","INTRO TO SM BUSINESS MGT","1001","Kleeb","George",19,60
"581","MGT","283","INTRO HUMAN RESOURCE MGT","1001","Theriault","Stephen",27,30
"582","MGT","310","FOUND OF MGT THEORY/PRACT","1001","Theriault","Stephen",23,30
"583","MGT","323","ORGANIZ/INTERPERSON BEHAV","1001","Cowan","Robert",6,60
"584","MGT","367","HUMAN RESOURCE MANAGEMENT","1001","Martinez","Tori",5,30
"585","MGT","441","QUAL CONTROL/PROBLEM SOLV","1001","Stapp","James",10,30
"586","MGT","480","INTERNATIONAL MANAGEMENT","1001","Theriault","Stephen",10,30
"587","MKT","210","MARKETING PRINCIPLES","1001","Theriault","Stephen",23,30
"588","MKT","211","INTRO TO PROFESSIONAL SALES","1001","Stahlke","Cassandra",3,30
"589","MTT","100","MEASUREMENT FOR MACHINISTS","1001","Andersen","Eric",0,16
"590","MTT","100","MEASUREMENT FOR MACHINISTS","1002","Andersen","Eric",0,15
"591","MTT","101","INTRODUCTION TO MACHINE SHOP","1001","Roa III","Manuel",2,12
"592","MTT","105","MACHINE SHOP I","1001","Andersen","Eric",0,13
"593","MTT","105","MACHINE SHOP I","1002","Andersen","Eric",0,15
"594","MTT","106","MACHINE SHOP PRACTICE I","1001","Roa III","Manuel",0,15
"595","MTT","106","MACHINE SHOP PRACTICE I","1002","Andersen","Eric",0,15
"596","MTT","232","COMPUTER NUMERICAL CONTROL II","1001","Andersen","Eric",14,15
"597","MTT","292","COMPUTER AIDED MANUFACTURING I","1001","Andersen","Eric",14,15
"598","MTT","296","CNC PRACTICE II","1001","Andersen","Eric",14,15
"599","MUS","101","MUSIC FUNDAMENTALS","1001","Warren","Tim",18,30
"600","MUS","121","MUSIC APPRECIATION","1001","Warren","Tim",7,30
"601","NURS","130","NURSING ASSISTANT","1001","Allred","Tamera",7,10
"602","NURS","130","NURSING ASSISTANT","1002","Allred","Tamera",4,10
"603","NURS","130","NURSING ASSISTANT","1003","Allred","Tamera",2,10
"604","NURS","130","NURSING ASSISTANT","1004","Allred","Tamera",5,10
"605","NURS","130","NURSING ASSISTANT","TP01","Creamer","Sidnie",0,15
"606","NURS","130","NURSING ASSISTANT","TP02","Creamer","Sidnie",0,15
"607","NURS","135","FUNDAMENTAL CONCEPTS NURSING","1001","Warnert","Staci",9,24
"608","NURS","135","FUNDAMENTAL CONCEPTS NURSING","1002","Warnert","Staci",4,8
"609","NURS","135","FUNDAMENTAL CONCEPTS NURSING","1003","Warnert","Staci",4,10
"610","NURS","135","FUNDAMENTAL CONCEPTS NURSING","1004","Warnert","Staci",0,5
"611","NURS","140","MEDICAL TERMINOLOGY","1001","Jaques","Cherie",5,40
"612","NURS","140","MEDICAL TERMINOLOGY","1002","Jaques","Cherie",2,60
"613","NURS","140","MEDICAL TERMINOLOGY","TP01","Creamer","Sidnie",0,60
"614","NURS","154","INTRODUCTION TO PHARMACOLOGY","1001","Husbands","Michelle",9,24
"615","NURS","154","INTRODUCTION TO PHARMACOLOGY","1002","Husbands","Michelle",4,8
"616","NURS","154","INTRODUCTION TO PHARMACOLOGY","1003","Husbands","Michelle",4,10
"617","NURS","154","INTRODUCTION TO PHARMACOLOGY","1004","Husbands","Michelle",0,5
"618","NURS","252","NURSING CARE - CHILDBEARING","1001","Mette","Tamara",13,24
"619","NURS","252","NURSING CARE - CHILDBEARING","1002","Mette","Tamara",6,8
"620","NURS","252","NURSING CARE - CHILDBEARING","1003","Mette","Tamara",10,10
"621","NURS","253","NURSING CARE CHILD/ADOLESCENTS","1001","Johnston","Heidi",13,24
"622","NURS","253","NURSING CARE CHILD/ADOLESCENTS","1002","Johnston","Heidi",6,8
"623","NURS","253","NURSING CARE CHILD/ADOLESCENTS","1003","Johnston","Heidi",10,10
"624","NURS","257","NURSING CARE - ACUTE/CHRONIC","1001","Johnston","Heidi",13,24
"625","NURS","257","NURSING CARE - ACUTE/CHRONIC","1002","Johnston","Heidi",6,8
"626","NURS","257","NURSING CARE - ACUTE/CHRONIC","1003","Johnston","Heidi",10,10
"627","NURS","285","SELECTED TOPICS IN NURSING: TRAIN THE TRAINER","1001","Allred","Tamera",0,10
"628","NURS","285","SELECTED TOPICS IN NURSING: TRAIN THE TRAINER","1002","Allred","Tamera",0,10
"629","NURS","326","TRANSITION PROFESSIONAL NURSE","1001","Johnston","Heidi",4,30
"630","NURS","337","PATHOPHYSIOLOGY","1001","Rust","Stacy",3,30
"631","NURS","417","INFORMATION SYSTEM/QUALITY MGT","1001","Johnston","Heidi",4,30
"632","NURS","420","EVIDENCE BASED PRACT/RESEARCH","1001","Elmore","Diane",7,30
"633","NURS","443","NURSING LEADERSHIP/MGT THEORY","1001","Mette","Tamara",4,30
"634","NURS","449","NURSE LEADERSHIP/MGT PRACTICUM","1001","Rust","Stacy",4,30
"635","NUTR","121","HUMAN NUTRITION","1001","Nalivka","Courtney",23,30
"636","NUTR","121","HUMAN NUTRITION","1002","Nalivka","Courtney",23,30
"637","NUTR","121","HUMAN NUTRITION","1003","Nalivka","Courtney",4,30
"638","NUTR","121","HUMAN NUTRITION","1004","Nalivka","Courtney",4,30
"639","PD","88Z","FITNESS CENTER MEMBERSHIP","1001","Stieger","Jennifer",0,100
"640","PEX","149","ZUMBA","1001","Anderson","Kerstin",0,20
"641","PEX","169","YOGA","1001","Liebelt","Elisa",2,20
"642","PEX","169","YOGA","1002","Liebelt","Elisa",1,20
"643","PEX","169","YOGA","1003","Bagley","Peter",0,20
"644","PEX","169","YOGA","1004","Edwards","Donna",3,15
"645","PEX","172","BODY CONTOURING AND CONDITION","1001","Vanalstine","Angela",1,20
"646","PEX","180","STRENGTH TRAINING","1001","Stieger","Jennifer",0,20
"647","PEX","180","STRENGTH TRAINING","1002","Stieger","Jennifer",0,20
"648","PEX","180","STRENGTH TRAINING","1003","Dankowski","Brian",0,20
"649","PEX","180","STRENGTH TRAINING","1005","Dankowski","Brian",0,30
"650","PEX","199","SPECIAL TOPICS: OPEN WORKOUT","1001","Stieger","Jennifer",1,50
"651","PEX","199","SPECIAL TOPICS: OPEN WORKOUT","1002","Stieger","Jennifer",1,60
"652","PEX","207","TOTAL FITNESS/WEIGHT CONTROL","1001","Ash","Angela",3,50
"653","PHIL","101","INTRO TO PHILOSOPHY","1001","Bentley","Susanne",29,30
"654","PHIL","102","CRITICAL THINKING","1001","Bentley","Susanne",47,60
"655","PHIL","102","CRITICAL THINKING","1002","Bentley","Susanne",6,30
"656","PHIL","311","PROFESSIONAL ETHICS","1001","Kleeb","George",31,60
"657","PHYS","100","INTRODUCTORY PHYSICS","1001","Wasala","Milinda",12,30
"658","PHYS","151","GEN PHYSICS I","1001","Wasala","Milinda",2,15
"659","PHYS","151","GEN PHYSICS I","1002","Wasala","Milinda",2,17
"660","PHYS","151","GEN PHYSICS I","1003","Wasala","Milinda",22,30
"661","PHYS","151","GEN PHYSICS I","1004","Wasala","Milinda",0,5
"662","PHYS","151","GEN PHYSICS I","1005","Wasala","Milinda",0,5
"663","PHYS","151","GEN PHYSICS I","1006","Wasala","Milinda",22,30
"664","PHYS","180","PHYSICS SCIENTIST/ENGR I","1001","Wasala","Milinda",1,15
"665","PHYS","180","PHYSICS SCIENTIST/ENGR I","1002","Wasala","Milinda",1,17
"666","PHYS","180","PHYSICS SCIENTIST/ENGR I","1003","Wasala","Milinda",1,30
"667","PHYS","180","PHYSICS SCIENTIST/ENGR I","1004","Wasala","Milinda",1,30
"668","PHYS","180","PHYSICS SCIENTIST/ENGR I","1005","Wasala","Milinda",0,5
"669","PHYS","180","PHYSICS SCIENTIST/ENGR I","1006","Wasala","Milinda",0,5
"670","PHYS","180","PHYSICS SCIENTIST/ENGR I","1007","Wasala","Milinda",0,5
"671","PSC","100","THE NEVADA CONSTITUTION","1001","Mierins","Andrew",12,30
"672","PSC","100","THE NEVADA CONSTITUTION","1002","Mierins","Andrew",2,30
"673","PSC","101","INTRO AMERICAN POLITICS","1001","Sexton","David",30,30
"674","PSC","101","INTRO AMERICAN POLITICS","1002","Gonzales","Danny",82,90
"675","PSC","101","INTRO AMERICAN POLITICS","1003","Mierins","Andrew",25,30
"676","PSC","101","INTRO AMERICAN POLITICS","1004","Moore","Curtis",14,15
"677","PSC","101","INTRO AMERICAN POLITICS","1005","Bandiero","Anthony",28,30
"678","PSC","101","INTRO AMERICAN POLITICS","1006","Kolsch","Kristin",8,30
"679","PSC","101","INTRO AMERICAN POLITICS","1007","Barainca","Justin",11,30
"680","PSC","101","INTRO AMERICAN POLITICS","1008","Gonzales","Danny",18,90
"681","PSC","101","INTRO AMERICAN POLITICS","1009","Mackey","Richard",30,30
"682","PSC","101","INTRO AMERICAN POLITICS","1010","Gonzales","Danny",3,30
"683","PSC","101","INTRO AMERICAN POLITICS","1012","Moore","Curtis",1,5
"684","PSC","101","INTRO AMERICAN POLITICS","1018","Moore","Curtis",3,5
"685","PSC","210","AMERICAN PUBLIC POLICY","1001","Steel","Heather",7,30
"686","PSY","101","GEN PSYCHOLOGY","1001","Davis","Stephanie",101,150
"687","PSY","101","GEN PSYCHOLOGY","1003","Raynor","Wendy",18,30
"688","PSY","208","PSY OF HUMAN RELATIONS","1001","Lords","Jennifer",21,60
"689","PSY","233","CHILD PSYCHOLOGY","1001","Lords","Paul",11,30
"690","PSY","241","INTRO TO ABNORMAL PSYCHOLOGY","1001","Davis","Stephanie",9,30
"691","PSY","412","MOTIVATION AND EMOTION","1001","Davis","Stephanie",21,30
"692","RAD","101","EXPLORATION OF RADIOLOGY","1001","Staszak","Sheila",12,30
"693","RAD","112","PATIENT CARE & MED TERM","1001","Staszak","Sheila",4,12
"694","RAD","112","PATIENT CARE & MED TERM","1002","Staszak","Sheila",2,4
"695","RAD","116","RADIOGRAPHY I","1001","Kiehn","Alex",4,12
"696","RAD","116","RADIOGRAPHY I","1002","Kiehn","Alex",2,4
"697","RAD","118","RADIOLOGY PHYSICS/CIRCUITRY","1001","Huttman","Reme",4,12
"698","RAD","118","RADIOLOGY PHYSICS/CIRCUITRY","1002","Huttman","Reme",2,4
"699","RAD","226","CLINICAL RADIOLOGY II","1001","Kiehn","Alex",6,12
"700","RAD","226","CLINICAL RADIOLOGY II","1002","Jaques","Cherie",1,4
"701","RAD","238","RADIATION SAFETY/PROTECT","1001","Staszak","Sheila",6,10
"702","RAD","243","MEDICAL IMAGING PATHOLOGY","1001","Huttman","Reme",7,10
"703","RE","101","REAL ESTATE PRINCIPLES","1001","Vaughan","James",4,30
"704","RE","103","REAL ESTATE LAW/PRACTICE","1001","Vaughan","James",2,30
"705","SOC","101","PRIN OF SOCIOLOGY","1001","Walsh","Laurie",23,60
"706","SPAN","111","FIRST YEAR SPANISH I","1001","Skivington","Gretchen",38,60
"707","SPAN","211","SECOND YEAR SPANISH I","1001",NA,NA,1,30
"708","STAT","152","INTRO TO STATISTICS","1001","Du","Xunming",19,30
"709","STAT","152","INTRO TO STATISTICS","1002","Du","Xunming",1,30
"710","STAT","152","INTRO TO STATISTICS","1003","Du","Xunming",5,30
"711","SUR","280","FUNDAMENTALS GEOMATICS I","1001","Calkins","Byron",3,30
"712","SUR","320","GIS FOR SURVEYORS","1001","Trotter","Shane",9,30
"713","SUR","340","PHOTOGRAMMETRY/REMOTE SENSING","1001","Calkins","Byron",7,30
"714","SUR","360","PUBLIC LAND SURVEY SYSTEM","1001","Reimer","Phillip",8,30
"715","SUR","440","GEODETIC/GPS SURVEYING","1001","Calkins","Byron",4,30
"716","SUR","460","ADV BOUNDARY ANALYSIS","1001","Calkins","Byron",7,20
"717","SW","101","INTRODUCTION TO SOCIAL WORK","1001","Debenham","Laura",8,30
"718","SW","230","CRISIS INTERVENTION","1001","Debenham","Laura",9,15
"719","SW","310","HBSE I: STRUCT FACTOR/MACROSYS","1001","Debenham","Laura",5,20
"720","TA","100","SHOP PRACTICES","1001","Bruns","Thomas",7,16
"721","TA","100","SHOP PRACTICES","1002","Bruns","Thomas",1,16
"722","THTR","100","INTRODUCTION TO THEATRE","1001","Rice","John",12,30
"723","THTR","100","INTRODUCTION TO THEATRE","1002","Rice","John",14,60
"724","THTR","105","INTRODUCTION TO ACTING I","1001","Rice","John",2,15
"725","THTR","105","INTRODUCTION TO ACTING I","1002","Rice","John",0,5
"726","THTR","105","INTRODUCTION TO ACTING I","1003","Rice","John",0,5
"727","THTR","204","THEATRE TECHNOLOGY I","1001","Rice","John",16,30
"728","THTR","204","THEATRE TECHNOLOGY I","1002","Rice","John",0,30
"729","THTR","209","THEATRE PRACTICUM","1001","Rice","John",0,30
"730","WELD","105","DRAW/WELD SYMBOL INT","1001","Nichols","Matthew",12,16
"731","WELD","105","DRAW/WELD SYMBOL INT","1002","Nichols","Matthew",8,16
"732","WELD","110","BASIC ARC WELDING PRINCIPLES","1001","Nichols","Matthew",12,16
"733","WELD","110","BASIC ARC WELDING PRINCIPLES","1002","Nichols","Matthew",7,16
"734","WELD","110","BASIC ARC WELDING PRINCIPLES","TP01","Creamer","Sidnie",0,30
"735","WELD","136","WELDING MAINTENANCE TECH I","1001","Nichols","Matthew",8,16
"736","WELD","136","WELDING MAINTENANCE TECH I","1002","Knox","Jacob",1,16
"737","WELD","136","WELDING MAINTENANCE TECH I","1003","Ward","Joseph",15,16
"738","WELD","136","WELDING MAINTENANCE TECH I","1004","Knox","Jacob",8,16
"739","WELD","136","WELDING MAINTENANCE TECH I","1005","Ward","Joseph",5,16
"740","WELD","136","WELDING MAINTENANCE TECH I","1006","Meyer","Andrew",0,15
"741","WELD","136","WELDING MAINTENANCE TECH I","TP01","Creamer","Sidnie",0,30
"742","WELD","210","ADVANCED WELDING PRINCIPLES","1001","Nichols","Matthew",11,16
"743","WELD","210","ADVANCED WELDING PRINCIPLES","1002","Nichols","Matthew",7,16
"744","WELD","235","WELDING MAINTENANCE TECH II","1001","Whitehead","Michael",0,16
"745","WELD","240","GAS TUNGSTEN ARC WELD","1001","Nichols","Matthew",11,16
"746","WELD","240","GAS TUNGSTEN ARC WELD","1002","Nichols","Matthew",7,16
"747","WELD","260","PIPE WELDING","1001","Nichols","Matthew",0,4
